{
  "resourceType" : "ValueSet",
  "id" : "TherapeuticAreasValueSet",
  "text" : {
    "status" : "generated",
    "div" : "<div xmlns=\"http://www.w3.org/1999/xhtml\"><p class=\"res-header-id\"><b>Narratif généré : ValueSet TherapeuticAreasValueSet</b></p><a name=\"TherapeuticAreasValueSet\"> </a><a name=\"hcTherapeuticAreasValueSet\"> </a><ul><li>Include ce(s) code(s) tel quil(s) est (sont) défini(s) dans <code>http://docilium.health/fhir/ctpm/CodeSystem/therapeutic-areas</code><span title=\"La version nest pas explicitement indiquée. Aucun {0} correspondant trouvé\"> version Non précisé (utilise la dernière version provenant du serveur de terminologie)</span><table class=\"none\"><tr><td style=\"white-space:nowrap\"><b>Code</b></td><td><b>Affichage</b></td></tr><tr><td>oncology</td><td>Oncologie</td></tr><tr><td>cardiology</td><td>Cardiologie</td></tr><tr><td>neurology</td><td>Neurologie</td></tr><tr><td>infectious-disease</td><td>Maladies infectieuses</td></tr><tr><td>immunology</td><td>Immunologie</td></tr><tr><td>endocrinology</td><td>Endocrinologie</td></tr><tr><td>respiratory</td><td>Maladies respiratoires</td></tr><tr><td>gastroenterology</td><td>Gastroentérologie</td></tr><tr><td>hematology</td><td>Hématologie</td></tr><tr><td>rheumatology</td><td>Rhumatologie</td></tr><tr><td>dermatology</td><td>Dermatologie</td></tr><tr><td>psychiatry</td><td>Psychiatrie</td></tr><tr><td>rare-diseases</td><td>Maladies rares</td></tr></table></li></ul></div>"
  },
  "url" : "http://docilium.health/fhir/ctpm/ValueSet/therapeutic-areas",
  "version" : "0.1.0",
  "name" : "TherapeuticAreasValueSet",
  "title" : "Therapeutic Areas for Clinical Trials",
  "status" : "draft",
  "date" : "2025-12-07T16:24:07+01:00",
  "publisher" : "DOCILIUM",
  "contact" : [{
    "name" : "DOCILIUM",
    "telecom" : [{
      "system" : "url",
      "value" : "http://docilium.org"
    }]
  }],
  "compose" : {
    "include" : [{
      "system" : "http://docilium.health/fhir/ctpm/CodeSystem/therapeutic-areas",
      "concept" : [{
        "code" : "oncology",
        "display" : "Oncologie"
      },
      {
        "code" : "cardiology",
        "display" : "Cardiologie"
      },
      {
        "code" : "neurology",
        "display" : "Neurologie"
      },
      {
        "code" : "infectious-disease",
        "display" : "Maladies infectieuses"
      },
      {
        "code" : "immunology",
        "display" : "Immunologie"
      },
      {
        "code" : "endocrinology",
        "display" : "Endocrinologie"
      },
      {
        "code" : "respiratory",
        "display" : "Maladies respiratoires"
      },
      {
        "code" : "gastroenterology",
        "display" : "Gastroentérologie"
      },
      {
        "code" : "hematology",
        "display" : "Hématologie"
      },
      {
        "code" : "rheumatology",
        "display" : "Rhumatologie"
      },
      {
        "code" : "dermatology",
        "display" : "Dermatologie"
      },
      {
        "code" : "psychiatry",
        "display" : "Psychiatrie"
      },
      {
        "code" : "rare-diseases",
        "display" : "Maladies rares"
      }]
    }]
  }
}