{
  "codeSystems" : [
    {
      "url" : "http://docelium.health/fhir/ctpm/ValueSet/therapeutic-areas",
      "version" : "0.1.0",
      "status" : "draft",
      "name" : "TherapeuticAreasValueSet",
      "title" : "Therapeutic Areas for Clinical Trials",
      "description" : "A value set of therapeutic areas relevant to clinical trials.",
      "systems" : [
        "http://docelium.health/fhir/ctpm/CodeSystem/therapeutic-areas"
      ],
      "uses" : {
      },
      "StructureDefinition-clinical-study.html" : "Clinical Study Profile"
    }
  ]
}
